{"_timestamp":1.754989880555949e+09,"_step":0,"_wandb":{"runtime":96},"_runtime":96.915395893,"val-core/DigitalLearningGmbH/MATH-lighteval/reward/mean@1":0.34297520661157027}